{
    "providers": [
        {
            "type": "bitmap",
            "file": "minecraft:font/image1.png",
            "ascent": 7,
            "height": 7,
            "chars": [
                "\u00d6"
            ]
        },
        {
            "type": "bitmap",
            "file": "minecraft:font/logo.png",
            "ascent": 30,
            "height": 50,
            "chars": [
                "\u00dd"
            ]
        },
        {
            "type": "bitmap",
            "file": "minecraft:font/funny.png",
            "ascent": 8,
            "height": 8,
            "chars": [
                "\u00C0"
            ]
        },
        {
            "type": "bitmap",
            "file": "minecraft:font/yazik.png",
            "ascent": 8,
            "height": 8,
            "chars": [
                "\u00C1"
            ]
        },
        {
            "type": "bitmap",
            "file": "minecraft:font/ydivlenie.png",
            "ascent": 8,
            "height": 8,
            "chars": [
                "\u00C2"
            ]
        },
        {
            "type": "bitmap",
            "file": "minecraft:font/sad.png",
            "ascent": 8,
            "height": 8,
            "chars": [
                "\u00C3"
            ]
        },
        {
            "type": "bitmap",
            "file": "minecraft:font/cry.png",
            "ascent": 8,
            "height": 8,
            "chars": [
                "\u00C4"
            ]
        },
        {
            "type": "bitmap",
            "file": "minecraft:font/angry.png",
            "ascent": 8,
            "height": 8,
            "chars": [
                "\u00C5"
            ]
        },
        {
            "type": "bitmap",
            "file": "minecraft:font/zakrilyazik.png",
            "ascent": 8,
            "height": 8,
            "chars": [
                "\u00C6"
            ]
        },
        {
            "type": "bitmap",
            "file": "minecraft:font/cool.png",
            "ascent": 8,
            "height": 8,
            "chars": [
                "\u00C7"
            ]
        },
        {
            "type": "bitmap",
            "file": "minecraft:font/fy.png",
            "ascent": 8,
            "height": 8,
            "chars": [
                "\u00C8"
            ]
        },
        {
            "type": "bitmap",
            "file": "minecraft:font/cold.png",
            "ascent": 8,
            "height": 8,
            "chars": [
                "\u00C9"
            ]
        },
        {
            "type": "bitmap",
            "file": "minecraft:font/scary.png",
            "ascent": 8,
            "height": 8,
            "chars": [
                "\u00CA"
            ]
        },
        {
            "type": "bitmap",
            "file": "minecraft:font/hmm.png",
            "ascent": 8,
            "height": 8,
            "chars": [
                "\u00CB"
            ]
        },
        {
            "type": "bitmap",
            "file": "minecraft:font/joke.png",
            "ascent": 8,
            "height": 8,
            "chars": [
                "\u00CC"
            ]
        },
        {
            "type": "bitmap",
            "file": "minecraft:font/usici.png",
            "ascent": 8,
            "height": 8,
            "chars": [
                "\u00CD"
            ]
        }
    ]
}